region,corr_stat,corr_p_value,info_stat,info_p_value,is_corr_sig,is_info_sig
motor_cortex,0.1516923076923078,2.0834508729728798e-05,0.9257692307692308,5.405194060373764e-186,True,True
striatum,0.5774444444444444,5.7258138212946226e-11,0.979,9.904502658231481e-31,True,True
hippocampus,0.07723529411764707,0.4575722615252089,0.7204117647058823,1.1026606946127266e-55,False,True
thalamus,0.062000000000000055,0.04101034574542122,0.609,2.659244356869352e-163,True,True
v1,0.1813333333333333,0.1823904868577167,0.923,2.3102742249376545e-27,False,True
