region,corr_stat,corr_p_value,info_stat,info_p_value,is_corr_sig,is_info_sig
motor_cortex,0.1506923076923078,2.422454316849832e-05,0.9424615384615385,9.56347360349383e-193,True,True
striatum,0.5604444444444444,2.341443834610428e-10,0.972,2.6770528024034472e-30,True,True
hippocampus,0.07523529411764707,0.4915342091367886,0.720764705882353,9.733846861270104e-56,False,True
thalamus,0.054000000000000006,0.10480344582370069,0.6980000000000001,2.1892516532589763e-214,False,True
v1,0.1923333333333333,0.13527956264279284,0.9292222222222222,9.982825674711561e-28,False,True
